{
	"version": 1,
	"changelists": [
		{
			"guid": "00000000000000000000000000000000",
			"description": "Default Uncontrolled Changelist",
			"files": [
				"C:/Users/sasha/OneDrive/Documents/Unreal Projects/TowerDefense/Content/Untitled_HLOD0_Instancing.uasset",
				"C:/Users/sasha/OneDrive/Documents/Unreal Projects/TowerDefense/Content/__ExternalActors__/Untitled/C/VR/0LAVFHBFPQHWQIE58DO5WF.uasset",
				"C:/Users/sasha/OneDrive/Documents/Unreal Projects/TowerDefense/Content/__ExternalObjects__/Untitled/4/HU/B285Y38RMUAD5X0BOB317C.uasset",
				"C:/Users/sasha/OneDrive/Documents/Unreal Projects/TowerDefense/Content/__ExternalObjects__/Untitled/B/8X/IY4PEMN9UZYDE7BEBHFW5H.uasset",
				"C:/Users/sasha/OneDrive/Documents/Unreal Projects/TowerDefense/Content/__ExternalObjects__/Untitled/1/A5/R3LGPWB6PMS7IVCUS30K59.uasset",
				"C:/Users/sasha/OneDrive/Documents/Unreal Projects/TowerDefense/Content/__ExternalObjects__/Untitled/8/MK/U2AR470CV8I49WKHE35892.uasset",
				"C:/Users/sasha/OneDrive/Documents/Unreal Projects/TowerDefense/Content/__ExternalObjects__/Untitled/8/WO/VW6BB6ON1O5P9P6D4TNIKG.uasset",
				"C:/Users/sasha/OneDrive/Documents/Unreal Projects/TowerDefense/Content/__ExternalObjects__/Untitled/A/3B/C169NY21IYHWNPNC5K8H2X.uasset",
				"C:/Users/sasha/OneDrive/Documents/Unreal Projects/TowerDefense/Content/__ExternalActors__/Untitled/C/JJ/2KM5RW3RB8MQTC5Z5QAP86.uasset",
				"C:/Users/sasha/OneDrive/Documents/Unreal Projects/TowerDefense/Content/__ExternalActors__/Untitled/D/U3/F9ZCV1ZQZIEFW41ASA7N1E.uasset",
				"C:/Users/sasha/OneDrive/Documents/Unreal Projects/TowerDefense/Content/__ExternalActors__/Untitled/1/JL/ZK9VQR5UXVP37810TVO5YO.uasset",
				"C:/Users/sasha/OneDrive/Documents/Unreal Projects/TowerDefense/Content/__ExternalActors__/Untitled/7/L8/Y18E0V91UKJME7Q2OB3P5K.uasset",
				"C:/Users/sasha/OneDrive/Documents/Unreal Projects/TowerDefense/Content/__ExternalActors__/Untitled/D/C1/HS6V3BNZ7H6AKPXHPEX1M7.uasset",
				"C:/Users/sasha/OneDrive/Documents/Unreal Projects/TowerDefense/Content/__ExternalActors__/Untitled/0/YK/K6UPO231BY2JGT7QL36BEO.uasset",
				"C:/Users/sasha/OneDrive/Documents/Unreal Projects/TowerDefense/Content/__ExternalActors__/Untitled/E/7X/0GCTIMNEBVF8AOXPOXOJMW.uasset",
				"C:/Users/sasha/OneDrive/Documents/Unreal Projects/TowerDefense/Content/__ExternalActors__/Untitled/D/FV/1KGJYU8K12XHN6XNLSYMBQ.uasset",
				"C:/Users/sasha/OneDrive/Documents/Unreal Projects/TowerDefense/Content/__ExternalActors__/Untitled/2/9L/EOQQBNIX06TRZ5JKHNXS6H.uasset",
				"C:/Users/sasha/OneDrive/Documents/Unreal Projects/TowerDefense/Content/__ExternalActors__/Untitled/7/VH/UKHYJQL74V2MP5LKZYHH11.uasset",
				"C:/Users/sasha/OneDrive/Documents/Unreal Projects/TowerDefense/Content/__ExternalActors__/Untitled/4/UM/B5BRDG8V1RJL3TWM4HR0OJ.uasset",
				"C:/Users/sasha/OneDrive/Documents/Unreal Projects/TowerDefense/Content/__ExternalActors__/Untitled/C/VA/5H66W3HWF2PTGWEWXIG0XI.uasset",
				"C:/Users/sasha/OneDrive/Documents/Unreal Projects/TowerDefense/Content/__ExternalActors__/Untitled/B/HE/6XMYFGC6A8NS1PR1SOBI7D.uasset",
				"C:/Users/sasha/OneDrive/Documents/Unreal Projects/TowerDefense/Content/__ExternalActors__/Untitled/1/JZ/TVNAEBT2XB4FBCJVHSWPJG.uasset",
				"C:/Users/sasha/OneDrive/Documents/Unreal Projects/TowerDefense/Content/__ExternalActors__/Untitled/8/4O/6JQEC7C7J07T44BN9XRKKB.uasset",
				"C:/Users/sasha/OneDrive/Documents/Unreal Projects/TowerDefense/Content/__ExternalActors__/Untitled/A/TZ/H7X8SJH9IRNM65SZGY3GOB.uasset",
				"C:/Users/sasha/OneDrive/Documents/Unreal Projects/TowerDefense/Content/__ExternalActors__/Untitled/A/YA/AK1XLDR5V9IUUYHS9LT826.uasset",
				"C:/Users/sasha/OneDrive/Documents/Unreal Projects/TowerDefense/Content/__ExternalActors__/Untitled/C/1Y/5H7RHZCAR91A9DL66DYQZ1.uasset",
				"C:/Users/sasha/OneDrive/Documents/Unreal Projects/TowerDefense/Content/__ExternalActors__/Untitled/4/S4/QQGZ7DAJCRY5GXHVDJWZ63.uasset",
				"C:/Users/sasha/OneDrive/Documents/Unreal Projects/TowerDefense/Content/__ExternalActors__/Untitled/0/BC/U8A7EELOY8P7KI64DKFYDH.uasset",
				"C:/Users/sasha/OneDrive/Documents/Unreal Projects/TowerDefense/Content/__ExternalActors__/Untitled/C/R8/U69SAKGZ8JYPM3OB6EX0QD.uasset",
				"C:/Users/sasha/OneDrive/Documents/Unreal Projects/TowerDefense/Content/__ExternalActors__/Untitled/A/II/4DHYLSBPUFMH473Q8O9S2B.uasset",
				"C:/Users/sasha/OneDrive/Documents/Unreal Projects/TowerDefense/Content/__ExternalActors__/Untitled/1/ZP/X3NZJS0FIHM08ZXW8E8NQU.uasset",
				"C:/Users/sasha/OneDrive/Documents/Unreal Projects/TowerDefense/Content/__ExternalActors__/Untitled/D/4A/ABY732A12WGV65UUF87JLR.uasset",
				"C:/Users/sasha/OneDrive/Documents/Unreal Projects/TowerDefense/Content/__ExternalActors__/Untitled/6/T6/JZ5OSIKWQ7NAUADHTIMLAW.uasset",
				"C:/Users/sasha/OneDrive/Documents/Unreal Projects/TowerDefense/Content/__ExternalActors__/Untitled/A/KQ/2XH64GEWX5DX4PBIMSZNI2.uasset",
				"C:/Users/sasha/OneDrive/Documents/Unreal Projects/TowerDefense/Content/__ExternalActors__/Untitled/C/S6/LDLY18TSK27TZFUDPMCEW5.uasset",
				"C:/Users/sasha/OneDrive/Documents/Unreal Projects/TowerDefense/Content/__ExternalActors__/Untitled/2/4P/W7D96E3DYPPMYMJWHCHJ59.uasset",
				"C:/Users/sasha/OneDrive/Documents/Unreal Projects/TowerDefense/Content/__ExternalActors__/Untitled/5/UN/91AWBJM8S09UURPMEJNTUG.uasset",
				"C:/Users/sasha/OneDrive/Documents/Unreal Projects/TowerDefense/Content/__ExternalActors__/Untitled/7/ZL/BO205AVTF1H51WLJULZKDE.uasset",
				"C:/Users/sasha/OneDrive/Documents/Unreal Projects/TowerDefense/Content/__ExternalActors__/Untitled/0/4P/FVZCFAHYN261SLBGVKYLQ2.uasset",
				"C:/Users/sasha/OneDrive/Documents/Unreal Projects/TowerDefense/Content/__ExternalActors__/Untitled/C/MF/T2KIT9WWA5O7U7KOOMME36.uasset",
				"C:/Users/sasha/OneDrive/Documents/Unreal Projects/TowerDefense/Content/__ExternalActors__/Untitled/9/L8/XEWYHE4USPJO8RYIZ048VS.uasset",
				"C:/Users/sasha/OneDrive/Documents/Unreal Projects/TowerDefense/Content/__ExternalActors__/Untitled/E/8H/YI6CESF0ABS9YDUZ2U1YG8.uasset",
				"C:/Users/sasha/OneDrive/Documents/Unreal Projects/TowerDefense/Content/__ExternalActors__/Untitled/2/WJ/HOOYUZ3RW2QWE5BEYDM11G.uasset",
				"C:/Users/sasha/OneDrive/Documents/Unreal Projects/TowerDefense/Content/__ExternalActors__/Untitled/9/GA/EWFQW0H0JLO8BKRI7U64K2.uasset",
				"C:/Users/sasha/OneDrive/Documents/Unreal Projects/TowerDefense/Content/__ExternalActors__/Untitled/4/IA/99IPYCIBP4EO70G7NCXO6D.uasset",
				"C:/Users/sasha/OneDrive/Documents/Unreal Projects/TowerDefense/Content/__ExternalActors__/Untitled/7/SM/8F2B8YK2YY1FSYJ4CDD1LZ.uasset",
				"C:/Users/sasha/OneDrive/Documents/Unreal Projects/TowerDefense/Content/__ExternalActors__/Untitled/1/6B/A90KN4PDF9BYSQDRPALM93.uasset",
				"C:/Users/sasha/OneDrive/Documents/Unreal Projects/TowerDefense/Content/__ExternalActors__/Untitled/0/AC/HOVTEE68G7VAJSFOUK370Q.uasset",
				"C:/Users/sasha/OneDrive/Documents/Unreal Projects/TowerDefense/Content/__ExternalActors__/Untitled/4/RS/WMTOUKEV8K3FHUM25G8BWJ.uasset",
				"C:/Users/sasha/OneDrive/Documents/Unreal Projects/TowerDefense/Content/__ExternalActors__/Untitled/D/EI/4QOQXMV1Z7RA8SARUL0Y9E.uasset",
				"C:/Users/sasha/OneDrive/Documents/Unreal Projects/TowerDefense/Content/__ExternalActors__/Untitled/6/UV/743850F9OQFI148N0HVRR0.uasset",
				"C:/Users/sasha/OneDrive/Documents/Unreal Projects/TowerDefense/Content/__ExternalActors__/Untitled/0/JR/96V7FEXIDQ6YRE9WCXTO3L.uasset",
				"C:/Users/sasha/OneDrive/Documents/Unreal Projects/TowerDefense/Content/__ExternalActors__/Untitled/1/31/YMWLVZUS39SZKKP6EY3D02.uasset",
				"C:/Users/sasha/OneDrive/Documents/Unreal Projects/TowerDefense/Content/__ExternalActors__/Untitled/9/JV/7908X05DEKYVMHZDGVEVFX.uasset",
				"C:/Users/sasha/OneDrive/Documents/Unreal Projects/TowerDefense/Content/__ExternalActors__/Untitled/B/BT/16KZACDPXTP4Z8S5D4BZ0W.uasset",
				"C:/Users/sasha/OneDrive/Documents/Unreal Projects/TowerDefense/Content/__ExternalActors__/Untitled/C/X9/8ASSQYJI2TVL4NB03GHN2Y.uasset",
				"C:/Users/sasha/OneDrive/Documents/Unreal Projects/TowerDefense/Content/__ExternalActors__/Untitled/D/UC/84I1258OPSKDPG5SEL0985.uasset",
				"C:/Users/sasha/OneDrive/Documents/Unreal Projects/TowerDefense/Content/__ExternalActors__/Untitled/1/QI/A0ZTV8S9W9Y0PRY5NNQJKU.uasset",
				"C:/Users/sasha/OneDrive/Documents/Unreal Projects/TowerDefense/Content/__ExternalActors__/Untitled/3/8Y/PEVY7T6FU8CAR13QMRYRHH.uasset",
				"C:/Users/sasha/OneDrive/Documents/Unreal Projects/TowerDefense/Content/__ExternalActors__/Untitled/2/PM/UNP76Q21SVMI272RXI3AGK.uasset",
				"C:/Users/sasha/OneDrive/Documents/Unreal Projects/TowerDefense/Content/__ExternalActors__/Untitled/8/ER/5M1849BTWZ388ZXQKPK7AB.uasset",
				"C:/Users/sasha/OneDrive/Documents/Unreal Projects/TowerDefense/Content/__ExternalActors__/Untitled/0/95/8WUYYCMXX15BI3ANA0HQL2.uasset",
				"C:/Users/sasha/OneDrive/Documents/Unreal Projects/TowerDefense/Content/__ExternalActors__/Untitled/1/4F/HHY9CLN6GWOEY7MEKH8DDK.uasset",
				"C:/Users/sasha/OneDrive/Documents/Unreal Projects/TowerDefense/Content/__ExternalActors__/Untitled/8/15/9YKH8L8Z5C0IIMN27KK2VZ.uasset",
				"C:/Users/sasha/OneDrive/Documents/Unreal Projects/TowerDefense/Content/__ExternalActors__/Untitled/D/N3/83YOOR0H2EPQ81F5LWFO38.uasset",
				"C:/Users/sasha/OneDrive/Documents/Unreal Projects/TowerDefense/Content/__ExternalActors__/Untitled/4/IX/QB4R3CRHV6SQ401B0EBGID.uasset",
				"C:/Users/sasha/OneDrive/Documents/Unreal Projects/TowerDefense/Content/__ExternalActors__/Untitled/9/KQ/CUA374J9FP9AFFTXJ7T5ZP.uasset",
				"C:/Users/sasha/OneDrive/Documents/Unreal Projects/TowerDefense/Content/__ExternalActors__/Untitled/D/4X/GN0XA8QGIIL4B5QHYDFPY9.uasset",
				"C:/Users/sasha/OneDrive/Documents/Unreal Projects/TowerDefense/Content/__ExternalActors__/Untitled/2/B5/9L52R62XVE5E9BH06KPJKH.uasset",
				"C:/Users/sasha/OneDrive/Documents/Unreal Projects/TowerDefense/Content/__ExternalActors__/Untitled/3/LB/DFA9VVD121ROTY5NBEC13Y.uasset",
				"C:/Users/sasha/OneDrive/Documents/Unreal Projects/TowerDefense/Content/__ExternalActors__/Untitled/7/FE/YB3M9P5BEKTAG0L64PFTJ3.uasset",
				"C:/Users/sasha/OneDrive/Documents/Unreal Projects/TowerDefense/Content/__ExternalActors__/Untitled/5/02/IJ8HC1RVA6VSYU9C7T2FX4.uasset",
				"C:/Users/sasha/OneDrive/Documents/Unreal Projects/TowerDefense/Content/__ExternalActors__/Untitled/8/OF/9WTLWT7YQX2L3Q3TAT0130.uasset",
				"C:/Users/sasha/OneDrive/Documents/Unreal Projects/TowerDefense/Content/__ExternalActors__/Untitled/1/16/BFWQBLV6I27BBRHR1PJOLX.uasset",
				"C:/Users/sasha/OneDrive/Documents/Unreal Projects/TowerDefense/Content/__ExternalActors__/Untitled/2/MO/TAQEW1E1C82JUFXW9HST5I.uasset",
				"C:/Users/sasha/OneDrive/Documents/Unreal Projects/TowerDefense/Content/__ExternalActors__/Untitled/3/AK/MAPJMW9NWYWC79NT2QNDDW.uasset",
				"C:/Users/sasha/OneDrive/Documents/Unreal Projects/TowerDefense/Content/__ExternalActors__/Untitled/9/MA/NHJ192PDCQXCXQ2HQBMY8K.uasset",
				"C:/Users/sasha/OneDrive/Documents/Unreal Projects/TowerDefense/Content/__ExternalActors__/Untitled/8/GX/L3LD2P7KMUNO4QPHEMBTVD.uasset",
				"C:/Users/sasha/OneDrive/Documents/Unreal Projects/TowerDefense/Content/__ExternalActors__/Untitled/2/7W/JK8UCU1PU2ABZQP90FEX7I.uasset",
				"C:/Users/sasha/OneDrive/Documents/Unreal Projects/TowerDefense/Content/__ExternalActors__/Untitled/E/2Y/OJWKRQAOOT0OHBWZTOW73R.uasset",
				"C:/Users/sasha/OneDrive/Documents/Unreal Projects/TowerDefense/Content/__ExternalActors__/Untitled/B/6Z/FSFS9MV6XN56S1R3YPWD0M.uasset",
				"C:/Users/sasha/OneDrive/Documents/Unreal Projects/TowerDefense/Content/Untitled.umap",
				"C:/Users/sasha/OneDrive/Documents/Unreal Projects/TowerDefense/Content/TopDownLevel_HLODLayer_Instanced.uasset",
				"C:/Users/sasha/OneDrive/Documents/Unreal Projects/TowerDefense/Content/TopDownLevel_HLODLayer_Merged.uasset",
				"C:/Users/sasha/OneDrive/Documents/Unreal Projects/TowerDefense/Content/__ExternalActors__/TopDownLevel/3/IZ/U8PCVKMU86R9AMINIT152W.uasset",
				"C:/Users/sasha/OneDrive/Documents/Unreal Projects/TowerDefense/Content/__ExternalActors__/TopDownLevel/E/6R/FZA9J06SB5UDL2PVTJ7NDM.uasset",
				"C:/Users/sasha/OneDrive/Documents/Unreal Projects/TowerDefense/Content/TopDownLevel.umap",
				"C:/Users/sasha/OneDrive/Documents/Unreal Projects/TowerDefense/Content/__ExternalActors__/TopDownLevel/3/K4/NJ5C6VKGJRGKUFUPM4XB85.uasset",
				"C:/Users/sasha/OneDrive/Documents/Unreal Projects/TowerDefense/Content/__ExternalActors__/TopDownLevel/2/GY/1DA1HNSQMCNHK35VLZCCVD.uasset",
				"C:/Users/sasha/OneDrive/Documents/Unreal Projects/TowerDefense/Content/__ExternalActors__/TopDownLevel/9/PN/SBKFRUEHZP8H7JWKTLVHVT.uasset",
				"C:/Users/sasha/OneDrive/Documents/Unreal Projects/TowerDefense/Content/__ExternalActors__/TopDownLevel/8/QX/RV2F6BDFU5RO9WL9D1IBJN.uasset",
				"C:/Users/sasha/OneDrive/Documents/Unreal Projects/TowerDefense/Content/Variant_Strategy/Blueprints/BP_GridManager.uasset",
				"C:/Users/sasha/OneDrive/Documents/Unreal Projects/TowerDefense/Content/__ExternalActors__/TopDownLevel/6/JW/2P9T02GPA5UF526PKQ64QY.uasset",
				"C:/Users/sasha/OneDrive/Documents/Unreal Projects/TowerDefense/Content/__ExternalActors__/TopDownLevel/1/45/ZY85IGADMZR6DKI4EDU0IE.uasset",
				"C:/Users/sasha/OneDrive/Documents/Unreal Projects/TowerDefense/Content/__ExternalActors__/TopDownLevel/E/ST/I5G1GJD4ZZSNMTLNXG3PJY.uasset",
				"C:/Users/sasha/OneDrive/Documents/Unreal Projects/TowerDefense/Content/Variant_Strategy/Blueprints/UnitData.uasset",
				"C:/Users/sasha/OneDrive/Documents/Unreal Projects/TowerDefense/Content/Variant_Strategy/Blueprints/BP_UnitBase.uasset",
				"C:/Users/sasha/OneDrive/Documents/Unreal Projects/TowerDefense/Content/Variant_Strategy/Blueprints/WBP_DeploymentHUD.uasset",
				"C:/Users/sasha/OneDrive/Documents/Unreal Projects/TowerDefense/Content/Variant_Strategy/Blueprints/WBP_UnitSlot.uasset",
				"C:/Users/sasha/OneDrive/Documents/Unreal Projects/TowerDefense/Content/Variant_Strategy/Blueprints/WBP_DragVisual.uasset",
				"C:/Users/sasha/OneDrive/Documents/Unreal Projects/TowerDefense/Content/LevelPrototyping/Meshes/TileMesh.uasset",
				"C:/Users/sasha/OneDrive/Documents/Unreal Projects/TowerDefense/Content/NewBlueprint.uasset",
				"C:/Users/sasha/OneDrive/Documents/Unreal Projects/TowerDefense/Content/Variant_Strategy/Blueprints/BP_TowerDefenseController.uasset",
				"C:/Users/sasha/OneDrive/Documents/Unreal Projects/TowerDefense/Content/Variant_Strategy/Blueprints/BP_TowerDefenseGameMode.uasset",
				"C:/Users/sasha/OneDrive/Documents/Unreal Projects/TowerDefense/Content/Variant_Strategy/Blueprints/BP_UnitDragOperation.uasset",
				"C:/Users/sasha/OneDrive/Documents/Unreal Projects/TowerDefense/Content/Variant_Strategy/Blueprints/BP_Unit_Marksman.uasset",
				"C:/Users/sasha/OneDrive/Documents/Unreal Projects/TowerDefense/Content/Variant_Strategy/Blueprints/BP_Unit_Healer.uasset",
				"C:/Users/sasha/OneDrive/Documents/Unreal Projects/TowerDefense/Content/Variant_Strategy/Blueprints/BP_Unit_Defender.uasset",
				"C:/Users/sasha/OneDrive/Documents/Unreal Projects/TowerDefense/Content/Variant_Strategy/Blueprints/ETileType.uasset",
				"C:/Users/sasha/OneDrive/Documents/Unreal Projects/TowerDefense/Content/LevelPrototyping/Materials/ExitMaterial.uasset",
				"C:/Users/sasha/OneDrive/Documents/Unreal Projects/TowerDefense/Content/LevelPrototyping/Materials/EntryMaterial.uasset",
				"C:/Users/sasha/OneDrive/Documents/Unreal Projects/TowerDefense/Content/Variant_Strategy/Blueprints/TileInfo.uasset",
				"C:/Users/sasha/OneDrive/Documents/Unreal Projects/TowerDefense/Content/Variant_Strategy/Blueprints/BP_EnemyBase.uasset",
				"C:/Users/sasha/OneDrive/Documents/Unreal Projects/TowerDefense/Content/Variant_Strategy/Blueprints/EnemySpawnData.uasset",
				"C:/Users/sasha/OneDrive/Documents/Unreal Projects/TowerDefense/Content/Variant_Strategy/Blueprints/WaveData.uasset",
				"C:/Users/sasha/OneDrive/Documents/Unreal Projects/TowerDefense/Content/__ExternalActors__/TopDownLevel/1/GT/WM6IR4QG70JNZW5SAK8SME.uasset",
				"C:/Users/sasha/OneDrive/Documents/Unreal Projects/TowerDefense/Content/__ExternalActors__/TopDownLevel/0/0S/L937L3Q73KHG41CU4OM0Y4.uasset",
				"C:/Users/sasha/OneDrive/Documents/Unreal Projects/TowerDefense/Content/__ExternalActors__/TopDownLevel/9/89/565NOPYSDTUVTPH4KR7NUM.uasset",
				"C:/Users/sasha/OneDrive/Documents/Unreal Projects/TowerDefense/Content/Variant_Strategy/Blueprints/BP_TowerDefenseAIController.uasset",
				"C:/Users/sasha/OneDrive/Documents/Unreal Projects/TowerDefense/Content/LevelPrototyping/Materials/EnemyMaterial.uasset",
				"C:/Program Files/Epic Games/UE_5.6/Engine/Content/EditorBlueprintResources/StandardMacros.uasset",
				"C:/Users/sasha/OneDrive/Documents/Unreal Projects/TowerDefense/Content/Variant_Strategy/Blueprints/WBP_LifePointsHUD.uasset",
				"C:/Users/sasha/OneDrive/Documents/Unreal Projects/TowerDefense/Content/__ExternalActors__/TopDownLevel/5/Y0/1SV2J03D5P4C28MP6Q7Q6F.uasset",
				"C:/Users/sasha/OneDrive/Documents/Unreal Projects/TowerDefense/Content/Variant_Strategy/Blueprints/WBP_UnitSelection.uasset",
				"C:/Users/sasha/OneDrive/Documents/Unreal Projects/TowerDefense/Content/Variant_Strategy/Blueprints/BP_Unit_Archer.uasset",
				"C:/Users/sasha/OneDrive/Documents/Unreal Projects/TowerDefense/Content/Variant_Strategy/Blueprints/BP_Unit_Mage.uasset",
				"C:/Users/sasha/OneDrive/Documents/Unreal Projects/TowerDefense/Content/Variant_Strategy/Blueprints/BP_Unit_Knight.uasset",
				"C:/Users/sasha/OneDrive/Documents/Unreal Projects/TowerDefense/Content/BP_GridManager.uasset"
			]
		}
	]
}